start_time,end_time
2022-08-17 12:02:34.275165,2022-08-17 12:02:35.583486
2022-08-17 12:02:41.218110,2022-08-17 12:02:42.526969
2022-08-17 12:02:45.244003,2022-08-17 12:02:46.553232
2022-08-17 12:02:50.882026,2022-08-17 12:02:52.191765
2022-08-17 12:02:56.720672,2022-08-17 12:02:58.030297
2022-08-17 12:03:00.850722,2022-08-17 12:03:02.159954
2022-08-17 12:03:05.080453,2022-08-17 12:03:06.389107
2022-08-17 12:07:08.484637,2022-08-17 12:07:09.795507
2022-08-17 12:07:14.727559,2022-08-17 12:07:16.036404
2022-08-17 12:07:19.961715,2022-08-17 12:07:21.271554
2022-08-17 12:16:24.260370,2022-08-17 12:16:25.569859
2022-08-17 12:16:33.721175,2022-08-17 12:16:35.030228
2022-08-17 12:16:37.849374,2022-08-17 12:16:39.158408
2022-08-17 12:21:23.884586,2022-08-17 12:21:25.193282
2022-08-17 12:21:33.139221,2022-08-17 12:21:34.448033
2022-08-17 12:21:38.171682,2022-08-17 12:21:39.480026
2022-08-17 12:21:45.516573,2022-08-17 12:21:46.825786
2022-08-17 12:22:07.610196,2022-08-17 12:22:09.018825
2022-08-17 12:22:12.341108,2022-08-17 12:22:13.650220
2022-08-17 12:22:20.895905,2022-08-17 12:22:22.304732
